<?xml version="1.0" encoding="UTF-8"?>
<l:dependencies xmlns:l='licenses' groupId='org.jenkins-ci.plugins' artifactId='publish-over-cifs' version='0.9'><l:dependency name='Publish Over CIFS' groupId='org.jenkins-ci.plugins' artifactId='publish-over-cifs' version='0.9' url='http://wiki.jenkins-ci.org/display/JENKINS/Publish+Over+CIFS+Plugin'><l:description>Send build artifacts to a windows share (CIFS/SMB/samba)</l:description><l:license name='The MIT license' url=''/></l:dependency><l:dependency name='Apache Commons IO' groupId='commons-io' artifactId='commons-io' version='2.5' url='http://commons.apache.org/proper/commons-io/'><l:description>The Apache Commons IO library contains utility classes, stream implementations, file filters, 
file comparators, endian transformation classes, and much more.</l:description><l:license name='Apache License, Version 2.0' url='http://www.apache.org/licenses/LICENSE-2.0.txt'/></l:dependency><l:dependency name='jCIFS' groupId='org.samba.jcifs' artifactId='jcifs' version='1.3.17-largetransfer-1' url='http://jcifs.samba.org'><l:description>JCIFS is an Open Source client library that implements the CIFS/SMB networking protocol in 100% Java</l:description><l:license name='GNU Lesser General Public License, version 2.1' url='http://www.gnu.org/licenses/old-licenses/lgpl-2.1.txt'/></l:dependency></l:dependencies>